{"cameraMode":{"drawMode":0,"name":"Shaded","section":"Shading Mode"},"sceneLighting":true,"audioPlay":false,"sceneViewState":{"showFog":true,"showMaterialUpdate":false,"showSkybox":true,"showFlares":true,"showImageEffects":true,"showParticleSystems":true},"in2DMode":false,"pivot":{"x":5.837466239929199,"y":0.957138180732727,"z":-3.7986810207366945},"rotation":{"x":-0.2962390184402466,"y":0.23656171560287476,"z":-0.07598855346441269,"w":-0.9222291111946106},"size":9.328390121459961,"orthographic":false}