{"cameraMode":{"drawMode":0,"name":"Shaded","section":"Shading Mode"},"sceneLighting":true,"audioPlay":false,"sceneViewState":{"showFog":true,"showMaterialUpdate":false,"showSkybox":true,"showFlares":true,"showImageEffects":true,"showParticleSystems":true,"showVisualEffectGraphs":true,"m_FxEnabled":true},"in2DMode":false,"pivot":{"x":-3.4591972827911379,"y":6.184835433959961,"z":36.964683532714847},"rotation":{"x":-0.08420934528112412,"y":0.0035839707124978306,"z":-0.0003028194769285619,"w":-0.9964427947998047},"size":-7.038654327392578,"orthographic":false}