{"cameraMode":{"drawMode":0,"name":"Shaded","section":"Shading Mode"},"sceneLighting":true,"audioPlay":false,"sceneViewState":{"showFog":true,"showMaterialUpdate":false,"showSkybox":true,"showFlares":true,"showImageEffects":true,"showParticleSystems":true,"showVisualEffectGraphs":true,"m_FxEnabled":true},"in2DMode":false,"pivot":{"x":-0.32494252920150759,"y":-26.241626739501954,"z":45.092445373535159},"rotation":{"x":-0.4135117530822754,"y":-0.004921276122331619,"z":0.0022334998939186336,"w":-0.9104951024055481},"size":26.50370979309082,"orthographic":false}